timestamp_local,ours_stage,ours_stage_collapsed,ours_bpm,movement,sdhr,withings_stage,withings_stage_collapsed,hr_bpm,stage_match_strict,stage_match_collapsed,bpm_delta
2026-04-12 23:20:00,light,light,84.0,729.0,6.0,,,,False,False,
2026-04-12 23:21:00,light,light,,,,,,,False,False,
2026-04-12 23:22:00,light,light,,,,,,,False,False,
2026-04-12 23:23:00,,,,,,,,,False,False,
2026-04-12 23:24:00,,,,,,,,,False,False,
2026-04-12 23:25:00,light,light,59.0,24.0,3.0,,,,False,False,
2026-04-12 23:26:00,light,light,70.0,42.0,2.2,,,,False,False,
2026-04-12 23:27:00,light,light,77.0,87.0,6.4,,,,False,False,
2026-04-12 23:28:00,light,light,71.0,44.0,4.3,,,,False,False,
2026-04-12 23:29:00,light,light,76.0,59.0,6.0,,,,False,False,
2026-04-12 23:30:00,light,light,74.0,14.0,8.9,,,,False,False,
2026-04-12 23:31:00,light,light,68.0,44.0,2.7,,,,False,False,
2026-04-12 23:32:00,light,light,64.0,13.0,2.8,,,,False,False,
2026-04-12 23:33:00,light,light,69.0,32.0,4.2,,,,False,False,
2026-04-12 23:34:00,light,light,71.0,11.0,1.9,,,,False,False,
2026-04-12 23:35:00,light,light,71.0,23.0,2.5,,,,False,False,
2026-04-12 23:36:00,light,light,69.0,17.0,1.9,,,,False,False,
2026-04-12 23:37:00,light,light,68.0,17.0,2.9,,,,False,False,
2026-04-12 23:38:00,light,light,71.0,18.0,2.2,,,,False,False,
2026-04-12 23:39:00,light,light,64.0,19.0,1.1,,,,False,False,
2026-04-12 23:40:00,light,light,63.0,19.0,2.6,,,,False,False,
2026-04-12 23:41:00,light,light,67.0,18.0,2.4,,,,False,False,
2026-04-12 23:42:00,light,light,74.0,25.0,4.9,,,,False,False,
2026-04-12 23:43:00,light,light,63.0,17.0,1.8,,,,False,False,
2026-04-12 23:44:00,light,light,64.0,25.0,1.7,,,,False,False,
2026-04-12 23:45:00,light,light,76.0,26.0,8.9,,,,False,False,
2026-04-12 23:46:00,light,light,61.0,14.0,2.8,,,,False,False,
2026-04-12 23:47:00,light,light,68.0,16.0,4.4,,,,False,False,
2026-04-12 23:48:00,light,light,70.0,15.0,3.1,,,,False,False,
2026-04-12 23:49:00,light,light,66.0,14.0,2.0,,,,False,False,
2026-04-12 23:50:00,light,light,66.0,17.0,3.3,,,,False,False,
2026-04-12 23:51:00,light,light,68.0,15.0,2.9,,,,False,False,
2026-04-12 23:52:00,light,light,64.0,15.0,1.9,,,,False,False,
2026-04-12 23:53:00,light,light,64.0,36.0,4.0,,,,False,False,
2026-04-12 23:54:00,light,light,70.0,29.0,2.5,,,,False,False,
2026-04-12 23:55:00,light,light,71.0,55.0,5.6,,,,False,False,
2026-04-12 23:56:00,awake,awake,93.0,63.0,4.3,,,,False,False,
2026-04-12 23:57:00,awake,awake,75.0,18.0,2.6,,,,False,False,
2026-04-12 23:58:00,awake,awake,70.0,17.0,6.2,,,,False,False,
2026-04-12 23:59:00,awake,awake,70.0,15.0,6.2,,,,False,False,
2026-04-13 00:00:00,awake,awake,75.0,19.0,2.5,,,,False,False,
2026-04-13 00:01:00,awake,awake,84.0,18.0,2.7,,,,False,False,
2026-04-13 00:02:00,awake,awake,77.0,16.0,4.0,,,,False,False,
2026-04-13 00:03:00,awake,awake,65.0,17.0,2.6,,,,False,False,
2026-04-13 00:04:00,awake,awake,63.0,14.0,3.3,,,,False,False,
2026-04-13 00:05:00,awake,awake,64.0,34.0,3.1,,,,False,False,
2026-04-13 00:06:00,awake,awake,96.0,77.0,7.4,,,,False,False,
2026-04-13 00:07:00,awake,awake,94.0,65.0,3.1,,,,False,False,
2026-04-13 00:08:00,awake,awake,96.0,77.0,3.4,,,,False,False,
2026-04-13 00:09:00,awake,awake,76.0,17.0,5.8,,,,False,False,
2026-04-13 00:10:00,awake,awake,70.0,16.0,2.4,,,,False,False,
2026-04-13 00:11:00,awake,awake,64.0,12.0,2.3,,,,False,False,
2026-04-13 00:12:00,awake,awake,66.0,12.0,4.1,,,,False,False,
2026-04-13 00:13:00,awake,awake,69.0,13.0,3.0,,,,False,False,
2026-04-13 00:14:00,awake,awake,68.0,10.0,2.9,,,,False,False,
2026-04-13 00:15:00,awake,awake,69.0,12.0,4.3,,,,False,False,
2026-04-13 00:16:00,awake,awake,64.0,13.0,2.8,,,,False,False,
2026-04-13 00:17:00,awake,awake,63.0,16.0,2.6,,,,False,False,
2026-04-13 00:18:00,awake,awake,64.0,10.0,2.4,,,,False,False,
2026-04-13 00:19:00,awake,awake,63.0,10.0,1.6,,,,False,False,
2026-04-13 00:20:00,awake,awake,65.0,10.0,0.9,,,,False,False,
2026-04-13 00:21:00,awake,awake,63.0,11.0,1.6,,,,False,False,
2026-04-13 00:22:00,awake,awake,67.0,14.0,2.4,,,,False,False,
2026-04-13 00:23:00,awake,awake,68.0,12.0,4.2,,,,False,False,
2026-04-13 00:24:00,awake,awake,69.0,11.0,3.8,,,,False,False,
2026-04-13 00:25:00,awake,awake,61.0,11.0,1.0,,,,False,False,
2026-04-13 00:26:00,awake,awake,64.0,12.0,3.2,,,,False,False,
2026-04-13 00:27:00,awake,awake,65.0,14.0,2.2,,,,False,False,
2026-04-13 00:28:00,awake,awake,71.0,17.0,1.5,,,,False,False,
2026-04-13 00:29:00,awake,awake,65.0,15.0,1.9,,,,False,False,
2026-04-13 00:30:00,awake,awake,67.0,15.0,0.7,,,,False,False,
2026-04-13 00:31:00,awake,awake,66.0,18.0,1.5,,,,False,False,
2026-04-13 00:32:00,awake,awake,71.0,20.0,4.8,,,,False,False,
2026-04-13 00:33:00,awake,awake,63.0,17.0,0.8,,,,False,False,
2026-04-13 00:34:00,awake,awake,68.0,20.0,2.4,,,,False,False,
2026-04-13 00:35:00,rem,light,70.0,16.0,2.8,,,,False,False,
2026-04-13 00:36:00,awake,awake,62.0,13.0,2.6,,,,False,False,
2026-04-13 00:37:00,awake,awake,70.0,14.0,2.0,,,,False,False,
2026-04-13 00:38:00,awake,awake,67.0,12.0,2.4,,,,False,False,
2026-04-13 00:39:00,awake,awake,63.0,12.0,2.0,,,,False,False,
2026-04-13 00:40:00,awake,awake,60.0,15.0,1.5,,,,False,False,
2026-04-13 00:41:00,awake,awake,67.0,16.0,3.0,,,,False,False,
2026-04-13 00:42:00,awake,awake,68.0,13.0,2.7,,,,False,False,
2026-04-13 00:43:00,awake,awake,65.0,14.0,2.7,,,,False,False,
2026-04-13 00:44:00,awake,awake,66.0,14.0,3.8,,,,False,False,
2026-04-13 00:45:00,awake,awake,67.0,14.0,2.0,,,,False,False,
2026-04-13 00:46:00,awake,awake,73.0,11.0,2.3,,,,False,False,
2026-04-13 00:47:00,awake,awake,65.0,11.0,1.8,,,,False,False,
2026-04-13 00:48:00,awake,awake,68.0,11.0,1.6,,,,False,False,
2026-04-13 00:49:00,rem,light,71.0,15.0,2.8,,,,False,False,
2026-04-13 00:50:00,awake,awake,70.0,21.0,1.4,,,,False,False,
2026-04-13 00:51:00,rem,light,71.0,32.0,2.1,,,,False,False,
2026-04-13 00:52:00,rem,light,72.0,37.0,3.8,,,,False,False,
2026-04-13 00:53:00,rem,light,73.0,20.0,5.5,,,,False,False,
2026-04-13 00:54:00,awake,awake,70.0,34.0,1.7,,,,False,False,
2026-04-13 00:55:00,awake,awake,69.0,25.0,1.4,,,,False,False,
2026-04-13 00:56:00,rem,light,74.0,29.0,4.4,,,,False,False,
2026-04-13 00:57:00,rem,light,72.0,33.0,2.9,,,,False,False,
2026-04-13 00:58:00,rem,light,70.0,31.0,4.7,,,,False,False,
2026-04-13 00:59:00,awake,awake,66.0,15.0,2.6,,,,False,False,
2026-04-13 01:00:00,awake,awake,63.0,16.0,1.2,,,,False,False,
2026-04-13 01:01:00,awake,awake,64.0,15.0,2.0,,,,False,False,
2026-04-13 01:02:00,awake,awake,64.0,15.0,1.7,,,,False,False,
2026-04-13 01:03:00,awake,awake,63.0,18.0,1.0,,,,False,False,
2026-04-13 01:04:00,awake,awake,61.0,17.0,3.5,,,,False,False,
2026-04-13 01:05:00,awake,awake,63.0,24.0,4.1,,,,False,False,
2026-04-13 01:06:00,awake,awake,70.0,21.0,4.3,,,,False,False,
2026-04-13 01:07:00,awake,awake,65.0,13.0,4.5,,,,False,False,
2026-04-13 01:08:00,rem,light,70.0,14.0,4.4,,,,False,False,
2026-04-13 01:09:00,awake,awake,71.0,17.0,1.3,,,,False,False,
2026-04-13 01:10:00,awake,awake,67.0,32.0,4.0,,,,False,False,
2026-04-13 01:11:00,awake,awake,66.0,26.0,3.8,,,,False,False,
2026-04-13 01:12:00,awake,awake,72.0,26.0,2.9,,,,False,False,
2026-04-13 01:13:00,awake,awake,68.0,48.0,2.2,,,,False,False,
2026-04-13 01:14:00,awake,awake,75.0,83.0,2.5,,,,False,False,
2026-04-13 01:15:00,rem,light,70.0,37.0,3.0,,,,False,False,
2026-04-13 01:16:00,awake,awake,65.0,14.0,2.4,,,,False,False,
2026-04-13 01:17:00,awake,awake,65.0,17.0,2.6,,,,False,False,
2026-04-13 01:18:00,awake,awake,63.0,17.0,2.1,,,,False,False,
2026-04-13 01:19:00,awake,awake,59.0,11.0,2.3,,,,False,False,
2026-04-13 01:20:00,deep,deep,59.0,12.0,1.6,,,,False,False,
2026-04-13 01:21:00,deep,deep,62.0,11.0,4.1,,,,False,False,
2026-04-13 01:22:00,deep,deep,59.0,14.0,2.9,,,,False,False,
2026-04-13 01:23:00,deep,deep,60.0,19.0,0.6,,,,False,False,
2026-04-13 01:24:00,light,light,63.0,19.0,3.0,,,,False,False,
2026-04-13 01:25:00,deep,deep,54.0,18.0,5.1,,,,False,False,
2026-04-13 01:26:00,light,light,64.0,41.0,6.3,,,,False,False,
2026-04-13 01:27:00,light,light,63.0,19.0,5.2,,,,False,False,
2026-04-13 01:28:00,deep,deep,55.0,13.0,0.5,,,,False,False,
2026-04-13 01:29:00,deep,deep,57.0,15.0,1.6,,,,False,False,
2026-04-13 01:30:00,light,light,63.0,18.0,4.5,,,,False,False,
2026-04-13 01:31:00,light,light,64.0,19.0,3.6,,,,False,False,
2026-04-13 01:32:00,deep,deep,57.0,12.0,2.1,,,,False,False,
2026-04-13 01:33:00,deep,deep,55.0,12.0,1.5,,,,False,False,
2026-04-13 01:34:00,light,light,60.0,12.0,1.5,,,,False,False,
2026-04-13 01:35:00,deep,deep,56.0,12.0,2.0,,,,False,False,
2026-04-13 01:36:00,deep,deep,55.0,11.0,1.1,,,,False,False,
2026-04-13 01:37:00,light,light,62.0,18.0,3.6,,,,False,False,
2026-04-13 01:38:00,light,light,63.0,22.0,6.0,,,,False,False,
2026-04-13 01:39:00,deep,deep,55.0,19.0,1.0,awake,awake,,False,False,
2026-04-13 01:40:00,light,light,55.0,21.0,0.9,awake,awake,,False,False,
2026-04-13 01:41:00,light,light,54.0,24.0,2.1,light,light,,True,True,
2026-04-13 01:42:00,deep,deep,53.0,20.0,1.8,light,light,,False,False,
2026-04-13 01:43:00,deep,deep,54.0,20.0,1.1,light,light,,False,False,
2026-04-13 01:44:00,deep,deep,54.0,17.0,1.2,deep,deep,,True,True,
2026-04-13 01:45:00,deep,deep,55.0,14.0,0.8,deep,deep,,True,True,
2026-04-13 01:46:00,light,light,55.0,24.0,1.6,deep,deep,,False,False,
2026-04-13 01:47:00,deep,deep,56.0,17.0,1.6,deep,deep,,True,True,
2026-04-13 01:48:00,deep,deep,56.0,18.0,0.8,deep,deep,,True,True,
2026-04-13 01:49:00,light,light,57.0,20.0,2.0,deep,deep,,False,False,
2026-04-13 01:50:00,light,light,56.0,22.0,1.2,deep,deep,,False,False,
2026-04-13 01:51:00,deep,deep,56.0,18.0,0.4,deep,deep,,True,True,
2026-04-13 01:52:00,deep,deep,58.0,18.0,1.5,deep,deep,,True,True,
2026-04-13 01:53:00,light,light,57.0,22.0,1.9,deep,deep,,False,False,
2026-04-13 01:54:00,light,light,59.0,23.0,0.5,deep,deep,,False,False,
2026-04-13 01:55:00,deep,deep,58.0,19.0,0.5,deep,deep,,True,True,
2026-04-13 01:56:00,light,light,59.0,22.0,0.8,deep,deep,,False,False,
2026-04-13 01:57:00,light,light,58.0,23.0,2.2,deep,deep,,False,False,
2026-04-13 01:58:00,deep,deep,58.0,19.0,1.2,deep,deep,,True,True,
2026-04-13 01:59:00,light,light,59.0,20.0,1.5,deep,deep,,False,False,
2026-04-13 02:00:00,light,light,59.0,15.0,3.3,deep,deep,,False,False,
2026-04-13 02:01:00,light,light,66.0,28.0,9.0,deep,deep,,False,False,
2026-04-13 02:02:00,light,light,54.0,22.0,1.8,deep,deep,,False,False,
2026-04-13 02:03:00,light,light,56.0,18.0,1.1,deep,deep,,False,False,
2026-04-13 02:04:00,deep,deep,55.0,20.0,1.8,deep,deep,,True,True,
2026-04-13 02:05:00,light,light,57.0,26.0,1.4,deep,deep,,False,False,
2026-04-13 02:06:00,light,light,55.0,21.0,2.2,deep,deep,,False,False,
2026-04-13 02:07:00,light,light,55.0,21.0,3.1,deep,deep,,False,False,
2026-04-13 02:08:00,light,light,55.0,21.0,1.6,deep,deep,,False,False,
2026-04-13 02:09:00,light,light,56.0,22.0,1.2,deep,deep,,False,False,
2026-04-13 02:10:00,light,light,58.0,20.0,0.5,deep,deep,,False,False,
2026-04-13 02:11:00,light,light,58.0,21.0,1.3,deep,deep,,False,False,
2026-04-13 02:12:00,light,light,57.0,20.0,0.9,deep,deep,,False,False,
2026-04-13 02:13:00,light,light,56.0,22.0,1.0,deep,deep,,False,False,
2026-04-13 02:14:00,light,light,58.0,22.0,0.6,deep,deep,,False,False,
2026-04-13 02:15:00,light,light,57.0,21.0,0.8,deep,deep,,False,False,
2026-04-13 02:16:00,light,light,58.0,21.0,0.5,deep,deep,,False,False,
2026-04-13 02:17:00,light,light,58.0,23.0,1.4,deep,deep,,False,False,
2026-04-13 02:18:00,light,light,58.0,19.0,0.4,deep,deep,,False,False,
2026-04-13 02:19:00,light,light,58.0,24.0,1.1,deep,deep,,False,False,
2026-04-13 02:20:00,deep,deep,58.0,20.0,2.4,deep,deep,,True,True,
2026-04-13 02:21:00,light,light,55.0,21.0,2.8,deep,deep,,False,False,
2026-04-13 02:22:00,deep,deep,58.0,19.0,1.7,deep,deep,,True,True,
2026-04-13 02:23:00,light,light,59.0,22.0,1.3,deep,deep,,False,False,
2026-04-13 02:24:00,deep,deep,57.0,17.0,0.8,deep,deep,,True,True,
2026-04-13 02:25:00,deep,deep,56.0,18.0,1.2,deep,deep,,True,True,
2026-04-13 02:26:00,light,light,57.0,20.0,0.9,deep,deep,,False,False,
2026-04-13 02:27:00,light,light,58.0,21.0,1.3,deep,deep,,False,False,
2026-04-13 02:28:00,light,light,59.0,20.0,1.9,deep,deep,,False,False,
2026-04-13 02:29:00,light,light,57.0,19.0,0.9,deep,deep,,False,False,
2026-04-13 02:30:00,light,light,59.0,18.0,1.7,deep,deep,,False,False,
2026-04-13 02:31:00,deep,deep,57.0,19.0,2.8,deep,deep,,True,True,
2026-04-13 02:32:00,deep,deep,57.0,20.0,4.9,deep,deep,,True,True,
2026-04-13 02:33:00,light,light,59.0,21.0,1.8,deep,deep,,False,False,
2026-04-13 02:34:00,light,light,61.0,31.0,1.1,deep,deep,,False,False,
2026-04-13 02:35:00,light,light,69.0,19.0,4.7,deep,deep,,False,False,
2026-04-13 02:36:00,light,light,75.0,7.0,1.5,deep,deep,,False,False,
2026-04-13 02:37:00,light,light,69.0,11.0,1.0,deep,deep,,False,False,
2026-04-13 02:38:00,light,light,67.0,28.0,1.7,deep,deep,,False,False,
2026-04-13 02:39:00,light,light,63.0,24.0,1.5,deep,deep,,False,False,
2026-04-13 02:40:00,light,light,63.0,12.0,2.7,deep,deep,,False,False,
2026-04-13 02:41:00,light,light,60.0,20.0,2.8,deep,deep,,False,False,
2026-04-13 02:42:00,light,light,59.0,19.0,1.6,deep,deep,,False,False,
2026-04-13 02:43:00,light,light,62.0,20.0,3.6,deep,deep,,False,False,
2026-04-13 02:44:00,light,light,67.0,17.0,0.7,light,light,,True,True,
2026-04-13 02:45:00,light,light,67.0,22.0,3.0,light,light,,True,True,
2026-04-13 02:46:00,light,light,67.0,25.0,1.9,light,light,,True,True,
2026-04-13 02:47:00,rem,light,69.0,32.0,6.5,light,light,,False,True,
2026-04-13 02:48:00,light,light,60.0,19.0,9.2,light,light,,True,True,
2026-04-13 02:49:00,light,light,57.0,19.0,0.9,light,light,,True,True,
2026-04-13 02:50:00,rem,light,68.0,14.0,6.9,light,light,,False,True,
2026-04-13 02:51:00,deep,deep,58.0,11.0,1.9,light,light,,False,False,
2026-04-13 02:52:00,deep,deep,57.0,10.0,1.0,light,light,,False,False,
2026-04-13 02:53:00,deep,deep,57.0,10.0,1.1,light,light,,False,False,
2026-04-13 02:54:00,deep,deep,57.0,11.0,1.9,light,light,,False,False,
2026-04-13 02:55:00,light,light,59.0,11.0,1.4,light,light,,True,True,
2026-04-13 02:56:00,light,light,59.0,12.0,2.5,light,light,,True,True,
2026-04-13 02:57:00,light,light,58.0,12.0,1.2,light,light,,True,True,
2026-04-13 02:58:00,light,light,59.0,11.0,0.9,light,light,,True,True,
2026-04-13 02:59:00,light,light,58.0,11.0,1.1,light,light,,True,True,
2026-04-13 03:00:00,light,light,59.0,10.0,0.5,deep,deep,,False,False,
2026-04-13 03:01:00,light,light,59.0,12.0,1.1,deep,deep,,False,False,
2026-04-13 03:02:00,light,light,59.0,11.0,0.4,deep,deep,,False,False,
2026-04-13 03:03:00,light,light,58.0,11.0,0.9,deep,deep,,False,False,
2026-04-13 03:04:00,light,light,58.0,9.0,1.1,deep,deep,,False,False,
2026-04-13 03:05:00,deep,deep,57.0,10.0,1.5,deep,deep,,True,True,
2026-04-13 03:06:00,light,light,59.0,12.0,1.8,deep,deep,,False,False,
2026-04-13 03:07:00,light,light,60.0,11.0,0.9,deep,deep,,False,False,
2026-04-13 03:08:00,light,light,60.0,11.0,1.2,deep,deep,,False,False,
2026-04-13 03:09:00,light,light,58.0,10.0,0.4,deep,deep,,False,False,
2026-04-13 03:10:00,light,light,59.0,9.0,1.1,light,light,,True,True,
2026-04-13 03:11:00,deep,deep,58.0,11.0,2.6,light,light,,False,False,
2026-04-13 03:12:00,light,light,67.0,20.0,8.8,light,light,,True,True,
2026-04-13 03:13:00,light,light,61.0,25.0,3.0,light,light,,True,True,
2026-04-13 03:14:00,light,light,59.0,20.0,1.0,light,light,,True,True,
2026-04-13 03:15:00,light,light,56.0,18.0,2.0,light,light,,True,True,
2026-04-13 03:16:00,light,light,57.0,21.0,2.0,light,light,,True,True,
2026-04-13 03:17:00,light,light,58.0,21.0,2.2,light,light,,True,True,
2026-04-13 03:18:00,deep,deep,58.0,19.0,1.3,light,light,,False,False,
2026-04-13 03:19:00,light,light,57.0,20.0,1.8,light,light,,True,True,
2026-04-13 03:20:00,light,light,57.0,24.0,1.3,light,light,,True,True,
2026-04-13 03:21:00,deep,deep,58.0,19.0,1.6,light,light,,False,False,
2026-04-13 03:22:00,light,light,56.0,21.0,1.6,light,light,,True,True,
2026-04-13 03:23:00,light,light,68.0,22.0,9.9,light,light,,True,True,
2026-04-13 03:24:00,light,light,60.0,18.0,11.6,light,light,,True,True,
2026-04-13 03:25:00,light,light,56.0,17.0,1.4,light,light,,True,True,
2026-04-13 03:26:00,deep,deep,56.0,19.0,1.8,light,light,,False,False,
2026-04-13 03:27:00,deep,deep,58.0,17.0,1.9,light,light,,False,False,
2026-04-13 03:28:00,light,light,58.0,19.0,2.8,light,light,,True,True,
2026-04-13 03:29:00,deep,deep,58.0,20.0,3.1,light,light,,False,False,
2026-04-13 03:30:00,deep,deep,57.0,18.0,1.9,light,light,,False,False,
2026-04-13 03:31:00,light,light,58.0,16.0,1.9,light,light,,True,True,
2026-04-13 03:32:00,light,light,58.0,17.0,2.1,light,light,,True,True,
2026-04-13 03:33:00,light,light,59.0,17.0,2.0,deep,deep,,False,False,
2026-04-13 03:34:00,light,light,59.0,21.0,1.5,deep,deep,,False,False,
2026-04-13 03:35:00,light,light,58.0,17.0,0.6,deep,deep,,False,False,
2026-04-13 03:36:00,light,light,59.0,18.0,1.5,deep,deep,,False,False,
2026-04-13 03:37:00,light,light,60.0,19.0,0.9,deep,deep,,False,False,
2026-04-13 03:38:00,light,light,59.0,23.0,2.3,deep,deep,,False,False,
2026-04-13 03:39:00,light,light,60.0,18.0,0.6,deep,deep,,False,False,
2026-04-13 03:40:00,light,light,60.0,19.0,1.3,deep,deep,,False,False,
2026-04-13 03:41:00,light,light,60.0,18.0,1.1,deep,deep,,False,False,
2026-04-13 03:42:00,light,light,58.0,15.0,1.6,deep,deep,,False,False,
2026-04-13 03:43:00,light,light,58.0,20.0,1.2,deep,deep,,False,False,
2026-04-13 03:44:00,light,light,59.0,20.0,0.9,deep,deep,,False,False,
2026-04-13 03:45:00,light,light,58.0,20.0,0.6,deep,deep,,False,False,
2026-04-13 03:46:00,light,light,61.0,17.0,1.3,deep,deep,,False,False,
2026-04-13 03:47:00,light,light,59.0,20.0,1.5,deep,deep,,False,False,
2026-04-13 03:48:00,light,light,59.0,17.0,1.3,deep,deep,,False,False,
2026-04-13 03:49:00,light,light,60.0,19.0,1.1,deep,deep,,False,False,
2026-04-13 03:50:00,light,light,60.0,18.0,1.1,deep,deep,,False,False,
2026-04-13 03:51:00,light,light,59.0,14.0,1.0,deep,deep,,False,False,
2026-04-13 03:52:00,light,light,59.0,20.0,0.8,deep,deep,,False,False,
2026-04-13 03:53:00,light,light,58.0,20.0,2.2,deep,deep,,False,False,
2026-04-13 03:54:00,light,light,58.0,19.0,0.8,deep,deep,,False,False,
2026-04-13 03:55:00,light,light,58.0,19.0,1.9,deep,deep,,False,False,
2026-04-13 03:56:00,light,light,59.0,18.0,1.5,deep,deep,,False,False,
2026-04-13 03:57:00,deep,deep,57.0,18.0,1.6,deep,deep,,True,True,
2026-04-13 03:58:00,light,light,58.0,22.0,0.9,deep,deep,,False,False,
2026-04-13 03:59:00,light,light,58.0,21.0,1.7,deep,deep,,False,False,
2026-04-13 04:00:00,deep,deep,58.0,15.0,1.5,light,light,,False,False,
2026-04-13 04:01:00,light,light,58.0,22.0,4.1,light,light,,True,True,
2026-04-13 04:02:00,light,light,66.0,19.0,13.9,light,light,,True,True,
2026-04-13 04:03:00,light,light,49.0,20.0,1.3,light,light,,True,True,
2026-04-13 04:04:00,light,light,50.0,20.0,1.2,light,light,,True,True,
2026-04-13 04:05:00,light,light,52.0,25.0,1.4,light,light,,True,True,
2026-04-13 04:06:00,deep,deep,54.0,19.0,2.0,light,light,,False,False,
2026-04-13 04:07:00,light,light,59.0,15.0,1.6,light,light,,True,True,
2026-04-13 04:08:00,light,light,57.0,20.0,4.6,light,light,,True,True,
2026-04-13 04:09:00,light,light,54.0,23.0,3.8,light,light,,True,True,
2026-04-13 04:10:00,light,light,59.0,19.0,2.4,light,light,,True,True,
2026-04-13 04:11:00,light,light,63.0,19.0,2.3,light,light,,True,True,
2026-04-13 04:12:00,light,light,64.0,19.0,1.6,light,light,,True,True,
2026-04-13 04:13:00,rem,light,63.0,21.0,4.8,light,light,,False,True,
2026-04-13 04:14:00,rem,light,66.0,21.0,9.2,light,light,,False,True,
2026-04-13 04:15:00,light,light,61.0,16.0,2.2,light,light,,True,True,
2026-04-13 04:16:00,rem,light,63.0,18.0,3.9,light,light,,False,True,
2026-04-13 04:17:00,rem,light,65.0,17.0,2.4,light,light,,False,True,
2026-04-13 04:18:00,light,light,66.0,14.0,1.4,light,light,,True,True,
2026-04-13 04:19:00,light,light,66.0,20.0,1.2,light,light,,True,True,
2026-04-13 04:20:00,rem,light,66.0,17.0,5.2,light,light,,False,True,
2026-04-13 04:21:00,light,light,66.0,20.0,1.7,light,light,,True,True,
2026-04-13 04:22:00,rem,light,69.0,18.0,2.7,light,light,,False,True,
2026-04-13 04:23:00,light,light,71.0,21.0,0.9,light,light,,True,True,
2026-04-13 04:24:00,light,light,67.0,18.0,1.6,deep,deep,,False,False,
2026-04-13 04:25:00,rem,light,68.0,20.0,3.2,deep,deep,,False,False,
2026-04-13 04:26:00,light,light,70.0,19.0,1.4,deep,deep,,False,False,
2026-04-13 04:27:00,light,light,69.0,21.0,1.4,deep,deep,,False,False,
2026-04-13 04:28:00,light,light,68.0,17.0,1.7,deep,deep,,False,False,
2026-04-13 04:29:00,light,light,71.0,17.0,1.8,light,light,,True,True,
2026-04-13 04:30:00,light,light,72.0,22.0,2.8,light,light,,True,True,
2026-04-13 04:31:00,rem,light,66.0,35.0,4.4,light,light,,False,True,
2026-04-13 04:32:00,light,light,58.0,15.0,2.5,light,light,,True,True,
2026-04-13 04:33:00,light,light,59.0,12.0,0.8,light,light,,True,True,
2026-04-13 04:34:00,light,light,59.0,12.0,1.2,light,light,,True,True,
2026-04-13 04:35:00,light,light,56.0,12.0,1.2,light,light,,True,True,
2026-04-13 04:36:00,light,light,54.0,14.0,1.5,light,light,,True,True,
2026-04-13 04:37:00,light,light,56.0,14.0,1.6,light,light,,True,True,
2026-04-13 04:38:00,light,light,55.0,11.0,4.2,light,light,,True,True,
2026-04-13 04:39:00,deep,deep,53.0,14.0,0.7,light,light,,False,False,
2026-04-13 04:40:00,light,light,57.0,13.0,1.4,light,light,,True,True,
2026-04-13 04:41:00,light,light,56.0,12.0,1.6,deep,deep,,False,False,
2026-04-13 04:42:00,deep,deep,53.0,13.0,1.7,deep,deep,,True,True,
2026-04-13 04:43:00,light,light,56.0,13.0,1.0,deep,deep,,False,False,
2026-04-13 04:44:00,light,light,55.0,13.0,1.5,deep,deep,,False,False,
2026-04-13 04:45:00,deep,deep,54.0,12.0,2.2,deep,deep,,True,True,
2026-04-13 04:46:00,light,light,57.0,13.0,1.3,deep,deep,,False,False,
2026-04-13 04:47:00,light,light,57.0,14.0,1.4,deep,deep,,False,False,
2026-04-13 04:48:00,light,light,55.0,14.0,3.2,deep,deep,,False,False,
2026-04-13 04:49:00,light,light,58.0,13.0,0.8,deep,deep,,False,False,
2026-04-13 04:50:00,light,light,58.0,13.0,0.8,deep,deep,,False,False,
2026-04-13 04:51:00,light,light,57.0,13.0,1.3,deep,deep,,False,False,
2026-04-13 04:52:00,light,light,57.0,11.0,1.7,deep,deep,,False,False,
2026-04-13 04:53:00,light,light,55.0,12.0,0.8,deep,deep,,False,False,
2026-04-13 04:54:00,light,light,56.0,11.0,0.3,deep,deep,,False,False,
2026-04-13 04:55:00,light,light,57.0,13.0,1.0,deep,deep,,False,False,
2026-04-13 04:56:00,light,light,58.0,14.0,1.2,deep,deep,,False,False,
2026-04-13 04:57:00,light,light,56.0,13.0,1.0,deep,deep,,False,False,
2026-04-13 04:58:00,light,light,56.0,13.0,2.6,deep,deep,,False,False,
2026-04-13 04:59:00,light,light,57.0,12.0,1.0,deep,deep,,False,False,
2026-04-13 05:00:00,light,light,57.0,12.0,0.9,deep,deep,,False,False,
2026-04-13 05:01:00,light,light,57.0,12.0,1.0,deep,deep,,False,False,
2026-04-13 05:02:00,light,light,58.0,12.0,1.1,deep,deep,,False,False,
2026-04-13 05:03:00,light,light,56.0,13.0,0.7,deep,deep,,False,False,
2026-04-13 05:04:00,light,light,57.0,13.0,0.7,deep,deep,,False,False,
2026-04-13 05:05:00,light,light,58.0,12.0,1.1,deep,deep,,False,False,
2026-04-13 05:06:00,light,light,57.0,13.0,0.9,deep,deep,,False,False,
2026-04-13 05:07:00,light,light,57.0,13.0,0.9,deep,deep,,False,False,
2026-04-13 05:08:00,light,light,58.0,11.0,0.6,deep,deep,,False,False,
2026-04-13 05:09:00,light,light,58.0,14.0,0.6,deep,deep,,False,False,
2026-04-13 05:10:00,light,light,55.0,12.0,0.8,deep,deep,,False,False,
2026-04-13 05:11:00,light,light,57.0,15.0,1.5,deep,deep,,False,False,
2026-04-13 05:12:00,light,light,57.0,11.0,1.3,deep,deep,,False,False,
2026-04-13 05:13:00,light,light,58.0,11.0,1.0,deep,deep,,False,False,
2026-04-13 05:14:00,light,light,58.0,12.0,0.6,deep,deep,,False,False,
2026-04-13 05:15:00,light,light,58.0,14.0,0.3,deep,deep,,False,False,
2026-04-13 05:16:00,light,light,57.0,12.0,0.5,deep,deep,,False,False,
2026-04-13 05:17:00,light,light,58.0,13.0,1.7,deep,deep,,False,False,
2026-04-13 05:18:00,light,light,56.0,15.0,0.8,deep,deep,,False,False,
2026-04-13 05:19:00,light,light,57.0,13.0,0.8,deep,deep,,False,False,
2026-04-13 05:20:00,light,light,58.0,12.0,0.7,light,light,,True,True,
2026-04-13 05:21:00,light,light,56.0,12.0,0.9,light,light,,True,True,
2026-04-13 05:22:00,light,light,64.0,16.0,9.0,light,light,,True,True,
2026-04-13 05:23:00,light,light,58.0,17.0,5.3,light,light,,True,True,
2026-04-13 05:24:00,light,light,58.0,14.0,1.8,light,light,,True,True,
2026-04-13 05:25:00,light,light,57.0,13.0,1.6,light,light,,True,True,
2026-04-13 05:26:00,light,light,58.0,16.0,0.5,light,light,,True,True,
2026-04-13 05:27:00,light,light,59.0,15.0,2.6,light,light,,True,True,
2026-04-13 05:28:00,light,light,56.0,15.0,2.2,light,light,,True,True,
2026-04-13 05:29:00,light,light,58.0,15.0,0.9,light,light,,True,True,
2026-04-13 05:30:00,light,light,58.0,17.0,1.5,light,light,,True,True,
2026-04-13 05:31:00,light,light,59.0,14.0,1.9,light,light,,True,True,
2026-04-13 05:32:00,light,light,59.0,16.0,1.8,light,light,,True,True,
2026-04-13 05:33:00,light,light,59.0,14.0,0.9,light,light,,True,True,
2026-04-13 05:34:00,light,light,70.0,26.0,11.5,light,light,,True,True,
2026-04-13 05:35:00,light,light,60.0,20.0,4.6,light,light,,True,True,
2026-04-13 05:36:00,rem,light,62.0,17.0,7.5,light,light,,False,True,
2026-04-13 05:37:00,light,light,57.0,19.0,1.2,light,light,,True,True,
2026-04-13 05:38:00,light,light,55.0,17.0,1.3,light,light,,True,True,
2026-04-13 05:39:00,light,light,56.0,15.0,1.2,light,light,,True,True,
2026-04-13 05:40:00,light,light,56.0,15.0,2.6,light,light,,True,True,
2026-04-13 05:41:00,light,light,58.0,17.0,2.5,light,light,,True,True,
2026-04-13 05:42:00,light,light,59.0,18.0,1.6,light,light,,True,True,
2026-04-13 05:43:00,light,light,60.0,15.0,3.2,light,light,,True,True,
2026-04-13 05:44:00,light,light,66.0,19.0,2.9,light,light,,True,True,
2026-04-13 05:45:00,rem,light,68.0,22.0,7.4,light,light,,False,True,
2026-04-13 05:46:00,light,light,59.0,19.0,1.6,light,light,,True,True,
2026-04-13 05:47:00,light,light,60.0,22.0,4.3,light,light,,True,True,
2026-04-13 05:48:00,light,light,63.0,20.0,1.3,light,light,,True,True,
2026-04-13 05:49:00,light,light,64.0,17.0,1.6,light,light,,True,True,
2026-04-13 05:50:00,light,light,64.0,22.0,2.2,light,light,,True,True,
2026-04-13 05:51:00,light,light,57.0,19.0,4.9,light,light,,True,True,
2026-04-13 05:52:00,light,light,59.0,20.0,1.9,light,light,,True,True,
2026-04-13 05:53:00,light,light,60.0,20.0,2.9,light,light,,True,True,
2026-04-13 05:54:00,light,light,61.0,20.0,3.2,light,light,,True,True,
2026-04-13 05:55:00,light,light,64.0,18.0,3.0,light,light,,True,True,
2026-04-13 05:56:00,rem,light,67.0,21.0,2.8,light,light,,False,True,
2026-04-13 05:57:00,light,light,59.0,17.0,1.2,light,light,,True,True,
2026-04-13 05:58:00,light,light,60.0,20.0,2.1,light,light,,True,True,
2026-04-13 05:59:00,light,light,61.0,26.0,7.8,light,light,,True,True,
2026-04-13 06:00:00,light,light,55.0,17.0,1.2,light,light,,True,True,
2026-04-13 06:01:00,light,light,58.0,17.0,1.5,light,light,,True,True,
2026-04-13 06:02:00,light,light,58.0,16.0,4.0,light,light,,True,True,
2026-04-13 06:03:00,light,light,57.0,16.0,4.1,light,light,,True,True,
2026-04-13 06:04:00,light,light,64.0,19.0,10.4,light,light,,True,True,
2026-04-13 06:05:00,light,light,56.0,10.0,3.3,light,light,,True,True,
2026-04-13 06:06:00,rem,light,63.0,20.0,7.0,light,light,,False,True,
2026-04-13 06:07:00,light,light,60.0,18.0,7.9,light,light,,True,True,
2026-04-13 06:08:00,light,light,56.0,16.0,2.1,light,light,,True,True,
2026-04-13 06:09:00,light,light,58.0,18.0,1.2,light,light,,True,True,
2026-04-13 06:10:00,light,light,56.0,17.0,1.6,light,light,,True,True,
2026-04-13 06:11:00,light,light,54.0,18.0,2.0,light,light,,True,True,
2026-04-13 06:12:00,light,light,59.0,32.0,9.6,light,light,,True,True,
2026-04-13 06:13:00,deep,deep,52.0,16.0,2.3,light,light,,False,False,
2026-04-13 06:14:00,deep,deep,52.0,19.0,1.2,light,light,,False,False,
2026-04-13 06:15:00,deep,deep,53.0,18.0,1.5,light,light,,False,False,
2026-04-13 06:16:00,deep,deep,54.0,20.0,1.5,light,light,,False,False,
2026-04-13 06:17:00,deep,deep,53.0,16.0,1.7,light,light,,False,False,
2026-04-13 06:18:00,deep,deep,53.0,16.0,0.5,light,light,,False,False,
2026-04-13 06:19:00,light,light,60.0,17.0,6.2,light,light,,True,True,
2026-04-13 06:20:00,deep,deep,52.0,16.0,2.3,light,light,,False,False,
2026-04-13 06:21:00,deep,deep,53.0,14.0,1.1,light,light,,False,False,
2026-04-13 06:22:00,deep,deep,51.0,15.0,1.1,light,light,,False,False,
2026-04-13 06:23:00,deep,deep,53.0,17.0,2.4,light,light,,False,False,
2026-04-13 06:24:00,deep,deep,54.0,15.0,1.6,deep,deep,,True,True,
2026-04-13 06:25:00,light,light,56.0,16.0,2.2,deep,deep,,False,False,
2026-04-13 06:26:00,light,light,56.0,15.0,1.4,deep,deep,,False,False,
2026-04-13 06:27:00,light,light,56.0,14.0,1.2,deep,deep,,False,False,
2026-04-13 06:28:00,light,light,57.0,15.0,1.2,deep,deep,,False,False,
2026-04-13 06:29:00,light,light,58.0,17.0,1.3,light,light,,True,True,
2026-04-13 06:30:00,light,light,60.0,20.0,6.3,light,light,,True,True,
2026-04-13 06:31:00,light,light,63.0,19.0,10.3,light,light,,True,True,
2026-04-13 06:32:00,light,light,54.0,19.0,3.3,light,light,,True,True,
2026-04-13 06:33:00,light,light,56.0,20.0,1.6,light,light,,True,True,
2026-04-13 06:34:00,light,light,55.0,17.0,0.8,light,light,,True,True,
2026-04-13 06:35:00,deep,deep,54.0,18.0,1.8,light,light,,False,False,
2026-04-13 06:36:00,deep,deep,53.0,20.0,1.8,light,light,,False,False,
2026-04-13 06:37:00,light,light,56.0,19.0,1.7,light,light,,True,True,
2026-04-13 06:38:00,light,light,55.0,15.0,1.5,light,light,,True,True,
2026-04-13 06:39:00,light,light,56.0,15.0,0.8,light,light,,True,True,
2026-04-13 06:40:00,light,light,58.0,18.0,1.7,light,light,,True,True,
2026-04-13 06:41:00,light,light,58.0,19.0,1.7,deep,deep,,False,False,
2026-04-13 06:42:00,light,light,57.0,15.0,1.2,deep,deep,,False,False,
2026-04-13 06:43:00,light,light,58.0,19.0,1.3,deep,deep,,False,False,
2026-04-13 06:44:00,light,light,56.0,19.0,2.1,deep,deep,,False,False,
2026-04-13 06:45:00,light,light,56.0,18.0,1.1,deep,deep,,False,False,
2026-04-13 06:46:00,light,light,56.0,18.0,1.3,deep,deep,,False,False,
2026-04-13 06:47:00,light,light,57.0,19.0,1.3,deep,deep,,False,False,
2026-04-13 06:48:00,light,light,57.0,21.0,1.2,deep,deep,,False,False,
2026-04-13 06:49:00,light,light,57.0,19.0,0.8,deep,deep,,False,False,
2026-04-13 06:50:00,light,light,57.0,17.0,1.5,deep,deep,,False,False,
2026-04-13 06:51:00,light,light,57.0,18.0,1.0,deep,deep,,False,False,
2026-04-13 06:52:00,light,light,57.0,19.0,0.9,deep,deep,,False,False,
2026-04-13 06:53:00,light,light,57.0,19.0,1.7,deep,deep,,False,False,
2026-04-13 06:54:00,light,light,56.0,19.0,1.3,deep,deep,,False,False,
2026-04-13 06:55:00,light,light,58.0,16.0,1.5,deep,deep,,False,False,
2026-04-13 06:56:00,light,light,57.0,19.0,1.6,deep,deep,,False,False,
2026-04-13 06:57:00,light,light,57.0,20.0,1.1,deep,deep,,False,False,
2026-04-13 06:58:00,light,light,58.0,18.0,0.5,deep,deep,,False,False,
2026-04-13 06:59:00,light,light,57.0,20.0,1.6,deep,deep,,False,False,
2026-04-13 07:00:00,light,light,58.0,20.0,0.7,deep,deep,,False,False,
2026-04-13 07:01:00,light,light,57.0,16.0,2.2,deep,deep,,False,False,
2026-04-13 07:02:00,light,light,58.0,17.0,1.2,deep,deep,,False,False,
2026-04-13 07:03:00,light,light,57.0,21.0,1.7,deep,deep,,False,False,
2026-04-13 07:04:00,light,light,57.0,18.0,0.8,deep,deep,,False,False,
2026-04-13 07:05:00,light,light,59.0,18.0,0.7,deep,deep,,False,False,
2026-04-13 07:06:00,light,light,57.0,19.0,0.8,deep,deep,,False,False,
2026-04-13 07:07:00,light,light,58.0,18.0,1.0,deep,deep,,False,False,
2026-04-13 07:08:00,light,light,58.0,16.0,1.0,deep,deep,,False,False,
2026-04-13 07:09:00,light,light,57.0,18.0,0.7,deep,deep,,False,False,
2026-04-13 07:10:00,light,light,57.0,20.0,1.0,deep,deep,,False,False,
2026-04-13 07:11:00,light,light,58.0,16.0,1.4,deep,deep,,False,False,
2026-04-13 07:12:00,light,light,66.0,22.0,11.9,deep,deep,,False,False,
2026-04-13 07:13:00,light,light,60.0,13.0,8.8,deep,deep,,False,False,
2026-04-13 07:14:00,light,light,60.0,11.0,3.2,deep,deep,,False,False,
2026-04-13 07:15:00,light,light,59.0,15.0,1.3,deep,deep,,False,False,
2026-04-13 07:16:00,light,light,70.0,12.0,3.7,deep,deep,,False,False,
2026-04-13 07:17:00,light,light,70.0,12.0,1.5,deep,deep,,False,False,
2026-04-13 07:18:00,light,light,72.0,12.0,1.1,deep,deep,,False,False,
2026-04-13 07:19:00,light,light,75.0,13.0,1.5,deep,deep,,False,False,
2026-04-13 07:20:00,light,light,71.0,13.0,2.3,deep,deep,,False,False,
2026-04-13 07:21:00,light,light,71.0,11.0,2.0,deep,deep,,False,False,
2026-04-13 07:22:00,rem,light,73.0,13.0,2.3,deep,deep,,False,False,
2026-04-13 07:23:00,rem,light,68.0,23.0,4.5,deep,deep,,False,False,
2026-04-13 07:24:00,rem,light,63.0,18.0,2.0,deep,deep,,False,False,
2026-04-13 07:25:00,rem,light,66.0,17.0,4.1,deep,deep,,False,False,
2026-04-13 07:26:00,rem,light,65.0,15.0,5.4,light,light,,False,True,
2026-04-13 07:27:00,rem,light,70.0,16.0,2.9,light,light,,False,True,
2026-04-13 07:28:00,rem,light,66.0,25.0,3.5,light,light,,False,True,
2026-04-13 07:29:00,rem,light,66.0,18.0,7.6,light,light,,False,True,
2026-04-13 07:30:00,rem,light,63.0,30.0,4.7,light,light,,False,True,
2026-04-13 07:31:00,rem,light,61.0,18.0,2.4,light,light,,False,True,
2026-04-13 07:32:00,light,light,61.0,22.0,2.8,light,light,,True,True,
2026-04-13 07:33:00,light,light,59.0,21.0,1.2,light,light,,True,True,
2026-04-13 07:34:00,light,light,55.0,21.0,1.5,light,light,,True,True,
2026-04-13 07:35:00,light,light,54.0,20.0,1.0,light,light,,True,True,
2026-04-13 07:36:00,light,light,56.0,19.0,2.0,light,light,,True,True,
2026-04-13 07:37:00,light,light,55.0,20.0,2.2,light,light,,True,True,
2026-04-13 07:38:00,light,light,56.0,40.0,0.5,light,light,,True,True,
2026-04-13 07:39:00,light,light,65.0,20.0,10.6,light,light,,True,True,
2026-04-13 07:40:00,rem,light,62.0,16.0,5.4,light,light,,False,True,
2026-04-13 07:41:00,light,light,58.0,14.0,3.5,light,light,,True,True,
2026-04-13 07:42:00,light,light,56.0,17.0,1.5,light,light,,True,True,
2026-04-13 07:43:00,light,light,58.0,16.0,1.2,light,light,,True,True,
2026-04-13 07:44:00,light,light,57.0,17.0,1.2,light,light,,True,True,
2026-04-13 07:45:00,light,light,58.0,14.0,3.0,light,light,,True,True,
2026-04-13 07:46:00,light,light,60.0,16.0,0.8,light,light,,True,True,
2026-04-13 07:47:00,light,light,70.0,26.0,10.7,light,light,,True,True,
2026-04-13 07:48:00,light,light,53.0,22.0,3.0,light,light,,True,True,
2026-04-13 07:49:00,light,light,58.0,21.0,1.3,light,light,,True,True,
2026-04-13 07:50:00,light,light,54.0,21.0,2.0,light,light,,True,True,
2026-04-13 07:51:00,light,light,57.0,21.0,2.2,light,light,,True,True,
2026-04-13 07:52:00,light,light,62.0,34.0,5.9,light,light,,True,True,
2026-04-13 07:53:00,light,light,56.0,18.0,2.1,light,light,,True,True,
2026-04-13 07:54:00,light,light,54.0,17.0,2.1,light,light,,True,True,
2026-04-13 07:55:00,light,light,55.0,12.0,2.4,light,light,,True,True,
2026-04-13 07:56:00,light,light,51.0,24.0,1.4,light,light,,True,True,
2026-04-13 07:57:00,light,light,67.0,20.0,11.4,light,light,,True,True,
2026-04-13 07:58:00,light,light,59.0,20.0,2.1,light,light,,True,True,
2026-04-13 07:59:00,light,light,56.0,15.0,2.6,light,light,,True,True,
2026-04-13 08:00:00,light,light,55.0,17.0,0.9,light,light,,True,True,
2026-04-13 08:01:00,light,light,55.0,20.0,1.2,light,light,,True,True,
2026-04-13 08:02:00,light,light,55.0,16.0,1.9,light,light,,True,True,
2026-04-13 08:03:00,light,light,55.0,15.0,2.4,deep,deep,,False,False,
2026-04-13 08:04:00,light,light,55.0,17.0,1.4,deep,deep,,False,False,
2026-04-13 08:05:00,light,light,58.0,16.0,1.8,deep,deep,,False,False,
2026-04-13 08:06:00,light,light,57.0,16.0,1.8,deep,deep,,False,False,
2026-04-13 08:07:00,light,light,56.0,18.0,2.5,deep,deep,,False,False,
2026-04-13 08:08:00,light,light,55.0,16.0,1.6,deep,deep,,False,False,
2026-04-13 08:09:00,light,light,56.0,17.0,0.9,deep,deep,,False,False,
2026-04-13 08:10:00,light,light,57.0,21.0,1.0,deep,deep,,False,False,
2026-04-13 08:11:00,light,light,57.0,19.0,0.5,deep,deep,,False,False,
2026-04-13 08:12:00,light,light,57.0,17.0,2.4,light,light,,True,True,
2026-04-13 08:13:00,light,light,66.0,15.0,4.8,light,light,,True,True,
2026-04-13 08:14:00,rem,light,74.0,26.0,13.6,light,light,,False,True,
2026-04-13 08:15:00,rem,light,62.0,19.0,6.2,light,light,,False,True,
2026-04-13 08:16:00,light,light,58.0,20.0,1.8,light,light,,True,True,
2026-04-13 08:17:00,light,light,58.0,19.0,2.9,light,light,,True,True,
2026-04-13 08:18:00,light,light,61.0,19.0,1.3,light,light,,True,True,
2026-04-13 08:19:00,light,light,58.0,18.0,2.0,light,light,,True,True,
2026-04-13 08:20:00,light,light,60.0,17.0,2.8,light,light,,True,True,
2026-04-13 08:21:00,light,light,60.0,17.0,1.2,light,light,,True,True,
2026-04-13 08:22:00,light,light,59.0,17.0,1.6,light,light,,True,True,
2026-04-13 08:23:00,light,light,70.0,20.0,6.4,light,light,,True,True,
2026-04-13 08:24:00,rem,light,71.0,25.0,8.9,light,light,,False,True,
2026-04-13 08:25:00,rem,light,72.0,28.0,4.1,light,light,,False,True,
2026-04-13 08:26:00,light,light,61.0,13.0,1.5,light,light,,True,True,
2026-04-13 08:27:00,rem,light,66.0,18.0,7.2,light,light,,False,True,
2026-04-13 08:28:00,rem,light,81.0,14.0,4.8,light,light,,False,True,
2026-04-13 08:29:00,rem,light,72.0,17.0,3.3,light,light,,False,True,
2026-04-13 08:30:00,rem,light,65.0,15.0,4.5,light,light,,False,True,
2026-04-13 08:31:00,rem,light,79.0,16.0,5.8,light,light,,False,True,
2026-04-13 08:32:00,rem,light,75.0,15.0,2.4,light,light,,False,True,
2026-04-13 08:33:00,rem,light,72.0,17.0,3.6,light,light,,False,True,
2026-04-13 08:34:00,rem,light,72.0,26.0,4.4,light,light,,False,True,
2026-04-13 08:35:00,rem,light,73.0,17.0,6.4,light,light,,False,True,
2026-04-13 08:36:00,rem,light,72.0,17.0,3.4,awake,awake,,False,False,
2026-04-13 08:37:00,awake,awake,90.0,26.0,8.5,awake,awake,,True,True,
2026-04-13 08:38:00,awake,awake,87.0,72.0,8.5,awake,awake,,True,True,
2026-04-13 08:39:00,awake,awake,86.0,13.0,9.1,awake,awake,,True,True,
2026-04-13 08:40:00,rem,light,66.0,15.0,4.6,awake,awake,,False,False,
2026-04-13 08:41:00,rem,light,66.0,16.0,4.0,awake,awake,,False,False,
2026-04-13 08:42:00,rem,light,62.0,15.0,2.7,light,light,,False,True,
2026-04-13 08:43:00,light,light,57.0,13.0,3.1,light,light,,True,True,
2026-04-13 08:44:00,rem,light,62.0,14.0,9.6,light,light,,False,True,
